model,label,support,precision,recall,f1
previous_active_model,ALARM_6_00AM,141,0.8759124087591241,0.851063829787234,0.8633093525179856
previous_active_model,ALARM_8_00AM,141,0.6525821596244131,0.9858156028368794,0.7853107344632768
previous_active_model,ALARM_9_00PM,141,0.7401129943502824,0.9290780141843972,0.8238993710691824
previous_active_model,BRIGHTNESS_100,141,0.9361702127659575,0.9361702127659575,0.9361702127659575
previous_active_model,BRIGHTNESS_20,141,0.991869918699187,0.8652482269503546,0.9242424242424242
previous_active_model,BRIGHTNESS_60,141,0.9924812030075187,0.9361702127659575,0.9635036496350365
previous_active_model,CALL,141,0.6898395721925134,0.9148936170212766,0.7865853658536586
previous_active_model,COLOR_BLUE,141,1.0,0.6666666666666666,0.8
previous_active_model,COLOR_GREEN,141,0.8629032258064516,0.7588652482269503,0.8075471698113208
previous_active_model,COLOR_RED,141,0.956140350877193,0.7730496453900709,0.8549019607843137
previous_active_model,CREATE_REMINDER_DRINK_WATER,141,0.84375,0.9574468085106383,0.8970099667774086
previous_active_model,CREATE_REMINDER_EXERCISE,141,0.8322981366459627,0.950354609929078,0.8874172185430463
previous_active_model,CREATE_REMINDER_STUDY,141,0.9710144927536232,0.950354609929078,0.9605734767025089
previous_active_model,LIGHT_OFF,141,0.8448275862068966,0.6950354609929078,0.7626459143968871
previous_active_model,LIGHT_ON,141,0.7515151515151515,0.8794326241134752,0.8104575163398693
previous_active_model,LIST_REMINDERS,141,0.8686131386861314,0.8439716312056738,0.8561151079136691
previous_active_model,MESSAGE,137,0.9051094890510949,0.9051094890510949,0.9051094890510949
previous_active_model,NEXT,141,0.8974358974358975,0.7446808510638298,0.813953488372093
previous_active_model,PAUSE,141,0.8387096774193549,0.7375886524822695,0.7849056603773585
previous_active_model,PLAY_MUSIC,141,0.634020618556701,0.8723404255319149,0.7343283582089553
previous_active_model,STOP,141,0.7333333333333333,0.5460992907801419,0.6260162601626016
previous_active_model,TEMPERATURE_18,141,0.7243243243243244,0.950354609929078,0.8220858895705522
previous_active_model,TEMPERATURE_22,141,0.9770992366412213,0.9078014184397163,0.9411764705882353
previous_active_model,TEMPERATURE_26,141,0.9774436090225563,0.9219858156028369,0.948905109489051
previous_active_model,TIME,141,0.7681159420289855,0.75177304964539,0.7598566308243727
previous_active_model,TIMER_10s,141,0.9090909090909091,0.9219858156028369,0.9154929577464789
previous_active_model,TIMER_1m,141,0.9103448275862069,0.9361702127659575,0.9230769230769231
previous_active_model,TIMER_30s,141,0.891156462585034,0.9290780141843972,0.9097222222222222
previous_active_model,VOLUME_DOWN,141,0.8928571428571429,0.7092198581560284,0.7905138339920948
previous_active_model,VOLUME_UP,141,0.7142857142857143,0.5673758865248227,0.6324110671936759
previous_active_model,WEATHER,141,0.9516129032258065,0.8368794326241135,0.8905660377358491
retrained_model,ALARM_6_00AM,141,0.937007874015748,0.8439716312056738,0.8880597014925373
retrained_model,ALARM_8_00AM,141,0.8148148148148148,0.9361702127659575,0.8712871287128713
retrained_model,ALARM_9_00PM,141,0.8552631578947368,0.9219858156028369,0.8873720136518771
retrained_model,BRIGHTNESS_100,141,0.8552631578947368,0.9219858156028369,0.8873720136518771
retrained_model,BRIGHTNESS_20,141,0.9769230769230769,0.900709219858156,0.9372693726937269
retrained_model,BRIGHTNESS_60,141,1.0,0.9787234042553191,0.989247311827957
retrained_model,CALL,141,0.7636363636363637,0.8936170212765957,0.8235294117647058
retrained_model,COLOR_BLUE,141,0.8016528925619835,0.6879432624113475,0.7404580152671756
retrained_model,COLOR_GREEN,141,0.7985074626865671,0.7588652482269503,0.7781818181818182
retrained_model,COLOR_RED,141,0.8,0.7943262411347518,0.797153024911032
retrained_model,CREATE_REMINDER_DRINK_WATER,141,0.7180851063829787,0.9574468085106383,0.8206686930091185
retrained_model,CREATE_REMINDER_EXERCISE,141,0.8427672955974843,0.950354609929078,0.8933333333333333
retrained_model,CREATE_REMINDER_STUDY,141,0.9115646258503401,0.950354609929078,0.9305555555555556
retrained_model,LIGHT_OFF,141,0.8512396694214877,0.7304964539007093,0.7862595419847328
retrained_model,LIGHT_ON,141,0.8066666666666666,0.8581560283687943,0.8316151202749141
retrained_model,LIST_REMINDERS,141,0.8814814814814815,0.8439716312056738,0.8623188405797102
retrained_model,MESSAGE,137,0.9323308270676691,0.9051094890510949,0.9185185185185185
retrained_model,NEXT,141,0.9459459459459459,0.7446808510638298,0.8333333333333334
retrained_model,PAUSE,141,0.7727272727272727,0.723404255319149,0.7472527472527473
retrained_model,PLAY_MUSIC,141,0.6078431372549019,0.8794326241134752,0.7188405797101449
retrained_model,STOP,141,0.7428571428571429,0.5531914893617021,0.6341463414634146
retrained_model,TEMPERATURE_18,141,0.8083832335329342,0.9574468085106383,0.8766233766233766
retrained_model,TEMPERATURE_22,141,0.918918918918919,0.9645390070921985,0.9411764705882353
retrained_model,TEMPERATURE_26,141,0.9848484848484849,0.9219858156028369,0.9523809523809523
retrained_model,TIME,141,0.819672131147541,0.7092198581560284,0.7604562737642585
retrained_model,TIMER_10s,141,0.916083916083916,0.9290780141843972,0.9225352112676056
retrained_model,TIMER_1m,141,0.9027777777777778,0.9219858156028369,0.9122807017543859
retrained_model,TIMER_30s,141,0.9779411764705882,0.9432624113475178,0.9602888086642599
retrained_model,VOLUME_DOWN,141,0.7412587412587412,0.75177304964539,0.7464788732394366
retrained_model,VOLUME_UP,141,0.7745098039215687,0.5602836879432624,0.6502057613168725
retrained_model,WEATHER,141,0.9354838709677419,0.8226950354609929,0.8754716981132076
