order,kind,false_wake,clip_idx,accent_group,transcript,true_intent,true_variation,true_slot,pred_intent,pred_slot,pred_variation,pred_variation_id,pred_raw,correct_intent,correct_command,slot_exact,slot_abs_error,slot_phonetic_dist,n_command_events,wake_logged,latency_s,infer_ms,audio_ms,speaker_id,is_synthetic,wake_take,audio_file
0,no_wake,False,175,Synthetic,Remind me to drink water,CREATE_REMINDER,Remind me to Drink water,Drink water,NO_RESPONSE,,,,,,,,,,0,False,,,,s10,True,0,audio/trial_000.wav
1,wake,,137,Synthetic,Brightness 100 percent,BRIGHTNESS,Brightness 100 percent,100 percent,NO_RESPONSE,,,,,False,False,,,,0,False,,,,s10,True,1,audio/trial_001.wav
2,no_wake,False,77,Synthetic,List my reminders,LIST_REMINDERS,List my reminders,,NO_RESPONSE,,,,,,,,,,0,False,,,,s10,True,0,audio/trial_002.wav
3,wake,,71,Synthetic,Send my message,MESSAGE,Send my message,,MESSAGE,,,,"{""intent"": ""MESSAGE"", ""infer_ms"": 7.877, ""audio_ms"": 2500}",True,True,,,,1,False,0.8100626468658447,7.877,2500.0,s10,True,2,audio/trial_003.wav
4,wake,,44,Filipino (group),Skip song,NEXT,Skip song,,CREATE_REMINDER,drink water,,,"{""intent"": ""CREATE_REMINDER"", ""infer_ms"": 7.522, ""audio_ms"": 2500, ""slot"": ""drink water""}",False,False,,,,3,False,2.7849881649017334,7.522,2500.0,202520785,False,3,audio/trial_004.wav
5,wake,,182,Filipino (group),Create a reminder to Study,CREATE_REMINDER,Create a reminder to Study,Study,CREATE_REMINDER,drink water,,,"{""intent"": ""CREATE_REMINDER"", ""infer_ms"": 7.302, ""audio_ms"": 2500, ""slot"": ""drink water""}",True,False,False,,0.875,2,False,-3.678093194961548,7.302,2500.0,202520785,False,1,audio/trial_005.wav
6,wake,,5,Synthetic,Play some music,PLAY_MUSIC,Play some music,,CREATE_REMINDER,drink water,,,"{""intent"": ""CREATE_REMINDER"", ""infer_ms"": 7.68, ""audio_ms"": 2500, ""slot"": ""drink water""}",False,False,,,,4,False,-1.1718571186065674,7.68,2500.0,s10,True,2,audio/trial_006.wav
7,wake,,186,Filipino (open-source),They first met while both studying at University College Dublin.,OUT_OF_SCOPE,,,CREATE_REMINDER,drink water,,,"{""intent"": ""CREATE_REMINDER"", ""infer_ms"": 7.325, ""audio_ms"": 2500, ""slot"": ""drink water""}",False,False,,,,5,False,-6.632414817810059,7.325,2500.0,0365b018a15ab96510f1368f4910554f97f6c278320e780c89e4989e9fdef0e557feb655cc9a89282ab0b8effbf5c920cf83193d6e0536e03d2ea84c6dca7559,False,3,audio/trial_007.wav
8,wake,,119,Synthetic,Temperature 26 degrees,TEMPERATURE,Temperature 26 degrees,26 degrees,TEMPERATURE,26 degrees,,,"{""intent"": ""TEMPERATURE"", ""infer_ms"": 8.23, ""audio_ms"": 2500, ""slot"": ""26 degrees""}",True,True,True,0.0,0.0,3,False,0.794518232345581,8.23,2500.0,s10,True,1,audio/trial_008.wav
9,wake,,142,Filipino (group),Set the brightness to 100 percent,BRIGHTNESS,Adjust brightness to 100 percent,100 percent,COLOR,red,,,"{""intent"": ""COLOR"", ""infer_ms"": 7.662, ""audio_ms"": 2500, ""slot"": ""red""}",False,False,,,,3,False,2.4412364959716797,7.662,2500.0,202520785,False,2,audio/trial_009.wav
10,wake,,113,Synthetic,Set an alarm for 9 PM,ALARM,Set an alarm for 9:00 PM,9:00 PM,ALARM,9 PM,,,"{""intent"": ""ALARM"", ""infer_ms"": 7.373, ""audio_ms"": 2500, ""slot"": ""9 PM""}",True,True,True,0.0,0.0,1,False,0.8482949733734131,7.373,2500.0,s10,True,3,audio/trial_010.wav
11,wake,,163,Synthetic,Set color to red,COLOR,Set color to Red,Red,COLOR,red,,,"{""intent"": ""COLOR"", ""infer_ms"": 7.433, ""audio_ms"": 2500, ""slot"": ""red""}",True,True,True,,0.0,1,False,0.7142739295959473,7.433,2500.0,s10,True,1,audio/trial_011.wav
12,no_wake,True,51,Synthetic,Increase the volume,VOLUME_UP,Increase the volume,,VOLUME_UP,,,,"{""intent"": ""VOLUME_UP"", ""infer_ms"": 7.774, ""audio_ms"": 2500}",,,,,,2,False,0.8837957382202148,7.774,2500.0,s10,True,0,audio/trial_012.wav
13,wake,,9,Synthetic,What's the weather?,WEATHER,What's the weather?,,WEATHER,,,,"{""intent"": ""WEATHER"", ""infer_ms"": 7.444, ""audio_ms"": 2500}",True,True,,,,1,False,0.7421665191650391,7.444,2500.0,s10,True,2,audio/trial_013.wav
14,wake,,185,Synthetic,Create a reminder to exercise,CREATE_REMINDER,Create a reminder to Exercise,Exercise,CREATE_REMINDER,exercise,,,"{""intent"": ""CREATE_REMINDER"", ""infer_ms"": 8.057, ""audio_ms"": 2500, ""slot"": ""exercise""}",True,True,True,,0.0,1,False,0.8161675930023193,8.057,2500.0,s10,True,3,audio/trial_014.wav
15,wake,,56,Filipino (group),Lower the volume,VOLUME_DOWN,Lower the volume,,VOLUME_DOWN,,,,"{""intent"": ""VOLUME_DOWN"", ""infer_ms"": 9.394, ""audio_ms"": 2500}",True,True,,,,2,False,0.5297505855560303,9.394,2500.0,202520785,False,1,audio/trial_015.wav
16,wake,,41,Synthetic,End playback,STOP,End playback,,CREATE_REMINDER,drink water,,,"{""intent"": ""CREATE_REMINDER"", ""infer_ms"": 7.678, ""audio_ms"": 2500, ""slot"": ""drink water""}",False,False,,,,4,False,-3.5125925540924072,7.678,2500.0,s10,True,2,audio/trial_016.wav
17,wake,,194,Native English,Bring some juice,OUT_OF_SCOPE,,,STOP,,,,"{""intent"": ""STOP"", ""infer_ms"": 9.004, ""audio_ms"": 2500}",False,False,,,,1,False,-1.07747483253479,9.004,2500.0,R3mXwwoaX9IoRVKe,False,3,audio/trial_017.wav
18,wake,,95,Synthetic,Start a timer for 1 minute,TIMER,Start a timer for 1 minute,1 minute,TIMER,1 minute,,,"{""intent"": ""TIMER"", ""infer_ms"": 8.943, ""audio_ms"": 2500, ""slot"": ""1 minute""}",True,True,True,0.0,0.0,2,False,0.7536826133728027,8.943,2500.0,s10,True,1,audio/trial_018.wav
19,wake,,18,Filipino (group),Lights on,LIGHT_ON,Lights on,,NO_RESPONSE,,,,,False,False,,,,0,False,,,,202520785,False,2,audio/trial_019.wav
20,wake,,74,Filipino (group),Show my reminders,LIST_REMINDERS,Show my reminders,,NO_RESPONSE,,,,,False,False,,,,0,False,,,,202520785,False,3,audio/trial_020.wav
21,wake,,53,Synthetic,Turn the volume up,VOLUME_UP,Turn the volume up,,COLOR,green,,,"{""intent"": ""COLOR"", ""infer_ms"": 5.651, ""audio_ms"": 2500, ""slot"": ""green""}",False,False,,,,1,False,10.48997712135315,5.651,2500.0,s10,True,1,audio/trial_021.wav
22,wake,,152,Filipino (group),Change the lights to Blue,COLOR,Change color to Blue,Blue,NO_RESPONSE,,,,,False,False,,,,0,False,,,,202520785,False,2,audio/trial_022.wav
23,wake,,129,Synthetic,Set the temperature to 22 degrees,TEMPERATURE,Set the temperature to 22 degrees,22 degrees,TEMPERATURE,22 degrees,,,"{""intent"": ""TEMPERATURE"", ""infer_ms"": 8.91, ""audio_ms"": 2500, ""slot"": ""22 degrees""}",True,True,True,0.0,0.0,2,False,0.7766516208648682,8.91,2500.0,s10,True,3,audio/trial_023.wav
24,wake,,80,Filipino (group),Timer 30 seconds,TIMER,Timer 30 seconds,30 seconds,NO_RESPONSE,,,,,False,False,,,,0,False,,,,202520785,False,1,audio/trial_024.wav
25,wake,,28,Filipino (group),Turn off the lights,LIGHT_OFF,Shut off the lights,,LIGHT_ON,,,,"{""intent"": ""LIGHT_ON"", ""infer_ms"": 7.934, ""audio_ms"": 2500}",False,False,,,,1,False,0.22884631156921387,7.934,2500.0,202520785,False,2,audio/trial_025.wav
26,wake,,0,Filipino (group),Play a song,PLAY_MUSIC,Play music,,STOP,,,,"{""intent"": ""STOP"", ""infer_ms"": 10.305, ""audio_ms"": 2500}",False,False,,,,1,False,-1.1999127864837646,10.305,2500.0,202520785,False,3,audio/trial_026.wav
27,wake,,124,Filipino (group),Change the temperature to 26 degrees,TEMPERATURE,Change the temperature to 26 degrees,26 degrees,CREATE_REMINDER,drink water,,,"{""intent"": ""CREATE_REMINDER"", ""infer_ms"": 8.288, ""audio_ms"": 2500, ""slot"": ""drink water""}",False,False,,,,1,False,6.6075475215911865,8.288,2500.0,202520785,False,1,audio/trial_027.wav
28,wake,,192,Native English,Go get me some juice,OUT_OF_SCOPE,,,NO_RESPONSE,,,,,True,True,,,,0,False,,,,R3mXwwoaX9IoRVKe,False,2,audio/trial_028.wav
29,wake,,69,Synthetic,Send a message,MESSAGE,Send a message,,CREATE_REMINDER,drink water,,,"{""intent"": ""CREATE_REMINDER"", ""infer_ms"": 9.509, ""audio_ms"": 2500, ""slot"": ""drink water""}",False,False,,,,1,False,5.890310525894165,9.509,2500.0,s10,True,3,audio/trial_029.wav
30,wake,,27,Synthetic,Kill the lights,LIGHT_OFF,Kill the lights,,LIGHT_OFF,,,,"{""intent"": ""LIGHT_OFF"", ""infer_ms"": 7.82, ""audio_ms"": 2500}",True,True,,,,3,False,1.4133927822113037,7.82,2500.0,s10,True,1,audio/trial_030.wav
31,no_wake,True,80,Filipino (group),Timer 30 seconds,TIMER,Timer 30 seconds,30 seconds,CREATE_REMINDER,drink water,,,"{""intent"": ""CREATE_REMINDER"", ""infer_ms"": 6.655, ""audio_ms"": 2500, ""slot"": ""drink water""}",,,,,,1,False,10.223106145858765,6.655,2500.0,202520785,False,0,audio/trial_031.wav
32,wake,,90,Filipino (group),Start a timer for 10 seconds,TIMER,Start a timer for 10 seconds,10 seconds,CREATE_REMINDER,drink water,,,"{""intent"": ""CREATE_REMINDER"", ""infer_ms"": 7.723, ""audio_ms"": 2500, ""slot"": ""drink water""}",False,False,,,,3,False,3.978658676147461,7.723,2500.0,202520785,False,2,audio/trial_032.wav
33,wake,,120,Filipino (group),Change the temperature to 18 degrees,TEMPERATURE,Change the temperature to 18 degrees,18 degrees,NO_RESPONSE,,,,,False,False,,,,0,False,,,,202520785,False,3,audio/trial_033.wav
34,wake,,133,Synthetic,Brightness 20 percent,BRIGHTNESS,Brightness 20 percent,20 percent,NO_RESPONSE,,,,,False,False,,,,0,False,,,,s10,True,1,audio/trial_034.wav
35,wake,,161,Synthetic,Switch color to green,COLOR,Switch color to Green,Green,NO_RESPONSE,,,,,False,False,,,,0,False,,,,s100,True,2,audio/trial_035.wav
36,wake,,195,Native English,More heat,OUT_OF_SCOPE,,,CREATE_REMINDER,drink water,,,"{""intent"": ""CREATE_REMINDER"", ""infer_ms"": 8.071, ""audio_ms"": 2500, ""slot"": ""drink water""}",False,False,,,,2,False,4.147811412811279,8.071,2500.0,R3mXwwoaX9IoRVKe,False,3,audio/trial_036.wav
37,wake,,43,Synthetic,Next song,NEXT,Next song,,NEXT,,,,"{""intent"": ""NEXT"", ""infer_ms"": 8.366, ""audio_ms"": 2500}",True,True,,,,1,False,0.7735748291015625,8.366,2500.0,s10,True,1,audio/trial_037.wav
38,wake,,46,Filipino (group),Play next song,NEXT,Play next song,,NO_RESPONSE,,,,,False,False,,,,0,False,,,,202520785,False,2,audio/trial_038.wav
39,no_wake,False,67,Synthetic,Message,MESSAGE,Message,,NO_RESPONSE,,,,,,,,,,0,False,,,,s10,True,0,audio/trial_039.wav
40,wake,,196,Synthetic,Open the garage door.,OUT_OF_SCOPE,,,CREATE_REMINDER,drink water,,,"{""intent"": ""CREATE_REMINDER"", ""infer_ms"": 7.752, ""audio_ms"": 2500, ""slot"": ""drink water""}",False,False,,,,1,False,3.2653918266296387,7.752,2500.0,s10,True,3,audio/trial_040.wav
41,wake,,198,Synthetic,Book a table for two tonight.,OUT_OF_SCOPE,,,NO_RESPONSE,,,,,True,True,,,,0,False,,,,s10,True,1,audio/trial_041.wav
42,wake,,59,Synthetic,Turn the volume down,VOLUME_DOWN,Turn the volume down,,VOLUME_DOWN,,,,"{""intent"": ""VOLUME_DOWN"", ""infer_ms"": 8.558, ""audio_ms"": 2500}",True,True,,,,1,False,1.457141399383545,8.558,2500.0,s10,True,2,audio/trial_042.wav
43,wake,,197,Synthetic,My sister is visiting next month.,OUT_OF_SCOPE,,,NO_RESPONSE,,,,,True,True,,,,0,False,,,,s10,True,3,audio/trial_043.wav
44,wake,,144,Synthetic,Brightness level 20 percent,BRIGHTNESS,Brightness level 20 percent,20 percent,BRIGHTNESS,20 percent,,,"{""intent"": ""BRIGHTNESS"", ""infer_ms"": 7.773, ""audio_ms"": 2500, ""slot"": ""20 percent""}",True,True,True,0.0,0.0,2,False,0.7484791278839111,7.773,2500.0,s10,True,1,audio/trial_044.wav
45,wake,,199,Synthetic,Start the washing machine.,OUT_OF_SCOPE,,,LIGHT_OFF,,,,"{""intent"": ""LIGHT_OFF"", ""infer_ms"": 8.513, ""audio_ms"": 2500}",False,False,,,,2,False,-2.104454517364502,8.513,2500.0,s100,True,2,audio/trial_045.wav
46,wake,,175,Synthetic,Remind me to drink water,CREATE_REMINDER,Remind me to Drink water,Drink water,CREATE_REMINDER,drink water,,,"{""intent"": ""CREATE_REMINDER"", ""infer_ms"": 8.057, ""audio_ms"": 2500, ""slot"": ""drink water""}",True,True,True,,0.0,3,False,0.6925408840179443,8.057,2500.0,s10,True,3,audio/trial_046.wav
47,no_wake,True,133,Synthetic,Brightness 20 percent,BRIGHTNESS,Brightness 20 percent,20 percent,BRIGHTNESS,20 percent,,,"{""intent"": ""BRIGHTNESS"", ""infer_ms"": 8.374, ""audio_ms"": 2500, ""slot"": ""20 percent""}",,,,,,1,False,0.7201344966888428,8.374,2500.0,s10,True,0,audio/trial_047.wav
48,wake,,201,Synthetic,We're going to the beach on Saturday.,OUT_OF_SCOPE,,,VOLUME_DOWN,,,,"{""intent"": ""VOLUME_DOWN"", ""infer_ms"": 7.569, ""audio_ms"": 2500}",False,False,,,,2,False,-5.446326971054077,7.569,2500.0,s100,True,1,audio/trial_048.wav
49,wake,,139,Synthetic,Adjust brightness to 20 percent,BRIGHTNESS,Adjust brightness to 20 percent,20 percent,CREATE_REMINDER,drink water,,,"{""intent"": ""CREATE_REMINDER"", ""infer_ms"": 7.687, ""audio_ms"": 2500, ""slot"": ""drink water""}",False,False,,,,2,False,-4.991743564605713,7.687,2500.0,s10,True,2,audio/trial_049.wav
50,wake,,76,Filipino (group),List my reminders,LIST_REMINDERS,List my reminders,,NO_RESPONSE,,,,,False,False,,,,0,False,,,,202520785,False,3,audio/trial_050.wav
51,wake,,92,Filipino (group),Start a timer for 30 seconds,TIMER,Start a timer for 30 seconds,30 seconds,NO_RESPONSE,,,,,False,False,,,,0,False,,,,202520785,False,1,audio/trial_051.wav
52,wake,,73,Synthetic,Reminders,LIST_REMINDERS,Reminders,,CREATE_REMINDER,study,,,"{""intent"": ""CREATE_REMINDER"", ""infer_ms"": 7.895, ""audio_ms"": 2500, ""slot"": ""study""}",False,False,,,,3,False,1.5731163024902344,7.895,2500.0,s10,True,2,audio/trial_052.wav
53,wake,,22,Filipino (group),Turn on the lights,LIGHT_ON,Turn on the lights,,CREATE_REMINDER,drink water,,,"{""intent"": ""CREATE_REMINDER"", ""infer_ms"": 7.606, ""audio_ms"": 2500, ""slot"": ""drink water""}",False,False,,,,2,False,8.573880195617676,7.606,2500.0,202520785,False,3,audio/trial_053.wav
54,wake,,62,Filipino (group),Make a call,CALL,Make a call,,COLOR,green,,,"{""intent"": ""COLOR"", ""infer_ms"": 9.315, ""audio_ms"": 2500, ""slot"": ""green""}",False,False,,,,1,False,0.6080796718597412,9.315,2500.0,202520785,False,1,audio/trial_054.wav
55,no_wake,True,65,Synthetic,Make a phone call,CALL,Make a phone call,,CALL,,,,"{""intent"": ""CALL"", ""infer_ms"": 7.369, ""audio_ms"": 2500}",,,,,,2,False,1.7626681327819824,7.369,2500.0,s10,True,0,audio/trial_055.wav
56,wake,,193,Native English,Fetch my socks,OUT_OF_SCOPE,,,PLAY_MUSIC,,,,"{""intent"": ""PLAY_MUSIC"", ""infer_ms"": 9.291, ""audio_ms"": 2500}",False,False,,,,1,False,0.7044868469238281,9.291,2500.0,R3mXwwoaX9IoRVKe,False,2,audio/trial_056.wav
57,wake,,7,Synthetic,Weather,WEATHER,Weather,,STOP,,,,"{""intent"": ""STOP"", ""infer_ms"": 7.364, ""audio_ms"": 2500}",False,False,,,,1,False,0.6944580078125,7.364,2500.0,s10,True,3,audio/trial_057.wav
58,wake,,35,Synthetic,Pause song,PAUSE,Pause song,,NO_RESPONSE,,,,,False,False,,,,0,False,,,,s10,True,1,audio/trial_058.wav
59,wake,,188,Filipino (open-source),Then they scrambled round the rocks to the other side of the house.,OUT_OF_SCOPE,,,TEMPERATURE,18 degrees,,,"{""intent"": ""TEMPERATURE"", ""infer_ms"": 7.682, ""audio_ms"": 2500, ""slot"": ""18 degrees""}",False,False,,,,1,False,0.6635656356811523,7.682,2500.0,0365b018a15ab96510f1368f4910554f97f6c278320e780c89e4989e9fdef0e557feb655cc9a89282ab0b8effbf5c920cf83193d6e0536e03d2ea84c6dca7559,False,2,audio/trial_059.wav
60,wake,,158,Synthetic,Switch color to blue,COLOR,Switch color to Blue,Blue,COLOR,green,,,"{""intent"": ""COLOR"", ""infer_ms"": 7.771, ""audio_ms"": 2500, ""slot"": ""green""}",True,False,False,,1.0,1,False,7.244086265563965,7.771,2500.0,s10,True,3,audio/trial_060.wav
61,wake,,15,Synthetic,What time is it?,TIME,What time is it?,,NO_RESPONSE,,,,,False,False,,,,0,False,,,,s10,True,1,audio/trial_061.wav
62,wake,,191,Native English,Set language to Chinese,OUT_OF_SCOPE,,,NO_RESPONSE,,,,,True,True,,,,0,False,,,,R3mXwwoaX9IoRVKe,False,2,audio/trial_062.wav
63,wake,,31,Synthetic,Pause,PAUSE,Pause,,STOP,,,,"{""intent"": ""STOP"", ""infer_ms"": 7.821, ""audio_ms"": 2500}",False,False,,,,1,False,-0.8064072132110596,7.821,2500.0,s10,True,3,audio/trial_063.wav
64,wake,,169,Synthetic,Reminder drink water,CREATE_REMINDER,Reminder Drink water,Drink water,NO_RESPONSE,,,,,False,False,,,,0,False,,,,s10,True,1,audio/trial_064.wav
65,no_wake,False,54,Filipino (group),Volume down,VOLUME_DOWN,Volume down,,NO_RESPONSE,,,,,,,,,,0,False,,,,202520785,False,0,audio/trial_065.wav
66,wake,,190,Native English,Decrease the heating,OUT_OF_SCOPE,,,COLOR,red,,,"{""intent"": ""COLOR"", ""infer_ms"": 6.98, ""audio_ms"": 2500, ""slot"": ""red""}",False,False,,,,1,False,8.118351936340332,6.98,2500.0,R3mXwwoaX9IoRVKe,False,2,audio/trial_066.wav
67,wake,,51,Synthetic,Increase the volume,VOLUME_UP,Increase the volume,,VOLUME_UP,,,,"{""intent"": ""VOLUME_UP"", ""infer_ms"": 7.977, ""audio_ms"": 2500}",True,True,,,,2,False,0.597844123840332,7.977,2500.0,s10,True,3,audio/trial_067.wav
68,wake,,187,Filipino (open-source),Then they scrambled round the rocks to the other side of the house.,OUT_OF_SCOPE,,,TEMPERATURE,18 degrees,,,"{""intent"": ""TEMPERATURE"", ""infer_ms"": 7.275, ""audio_ms"": 2500, ""slot"": ""18 degrees""}",False,False,,,,1,False,0.7438833713531494,7.275,2500.0,0365b018a15ab96510f1368f4910554f97f6c278320e780c89e4989e9fdef0e557feb655cc9a89282ab0b8effbf5c920cf83193d6e0536e03d2ea84c6dca7559,False,1,audio/trial_068.wav
69,wake,,154,Filipino (group),Change the lights to Green,COLOR,Change color to Green,Green,NO_RESPONSE,,,,,False,False,,,,0,False,,,,202520785,False,2,audio/trial_069.wav
70,wake,,87,Synthetic,Countdown for 30 seconds,TIMER,Countdown for 30 seconds,30 seconds,TIMER,30 seconds,,,"{""intent"": ""TIMER"", ""infer_ms"": 6.236, ""audio_ms"": 2500, ""slot"": ""30 seconds""}",True,True,True,0.0,0.0,1,False,0.8704533576965332,6.236,2500.0,s10,True,3,audio/trial_070.wav
71,wake,,106,Filipino (group),Wake me up at 9:00 PM,ALARM,Wake me up at 9:00 PM,9:00 PM,ALARM,9 PM,,,"{""intent"": ""ALARM"", ""infer_ms"": 8.047, ""audio_ms"": 2500, ""slot"": ""9 PM""}",True,True,True,0.0,0.0,1,False,-0.8783948421478271,8.047,2500.0,202520785,False,1,audio/trial_071.wav
72,wake,,64,Filipino (group),Make a phone call,CALL,Make a phone call,,NO_RESPONSE,,,,,False,False,,,,0,False,,,,202520785,False,2,audio/trial_072.wav
73,wake,,151,Synthetic,Change color to red,COLOR,Change color to Red,Red,COLOR,red,,,"{""intent"": ""COLOR"", ""infer_ms"": 7.907, ""audio_ms"": 2500, ""slot"": ""red""}",True,True,True,,0.0,1,False,0.5702540874481201,7.907,2500.0,s10,True,3,audio/trial_073.wav
74,wake,,109,Synthetic,Set an alarm for 6 AM,ALARM,Set an alarm for 6:00 AM,6:00 AM,ALARM,6 AM,,,"{""intent"": ""ALARM"", ""infer_ms"": 8.341, ""audio_ms"": 2500, ""slot"": ""6 AM""}",True,True,True,0.0,0.0,1,False,1.2207465171813965,8.341,2500.0,s10,True,1,audio/trial_074.wav
75,wake,,126,Filipino (group),Set the temperature to 18 degrees,TEMPERATURE,Set the temperature to 18 degrees,18 degrees,ALARM,8 AM,,,"{""intent"": ""ALARM"", ""infer_ms"": 7.931, ""audio_ms"": 2500, ""slot"": ""8 AM""}",False,False,,,,2,False,2.7372803688049316,7.931,2500.0,202520785,False,2,audio/trial_075.wav
76,wake,,10,Filipino (group),Tell me the weather,WEATHER,Tell me the weather,,NO_RESPONSE,,,,,False,False,,,,0,False,,,,202520785,False,3,audio/trial_076.wav
77,wake,,170,Filipino (group),Reminder Study,CREATE_REMINDER,Reminder Study,Study,NO_RESPONSE,,,,,False,False,,,,0,False,,,,202520785,False,1,audio/trial_077.wav
78,wake,,179,Synthetic,Remind me to exercise,CREATE_REMINDER,Remind me to Exercise,Exercise,CREATE_REMINDER,exercise,,,"{""intent"": ""CREATE_REMINDER"", ""infer_ms"": 7.492, ""audio_ms"": 2500, ""slot"": ""exercise""}",True,True,True,,0.0,2,False,0.7966210842132568,7.492,2500.0,s10,True,2,audio/trial_078.wav
79,wake,,149,Synthetic,Brightness level 100 percent,BRIGHTNESS,Brightness level 100 percent,100 percent,ALARM,9 PM,,,"{""intent"": ""ALARM"", ""infer_ms"": 7.99, ""audio_ms"": 2500, ""slot"": ""9 PM""}",False,False,,,,1,False,0.739065408706665,7.99,2500.0,s100,True,3,audio/trial_079.wav
80,wake,,189,Native English,Kitchen heat up,OUT_OF_SCOPE,,,NO_RESPONSE,,,,,True,True,,,,0,False,,,,R3mXwwoaX9IoRVKe,False,1,audio/trial_080.wav
81,wake,,66,Filipino (group),Message,MESSAGE,Message,,NO_RESPONSE,,,,,False,False,,,,0,False,,,,202520785,False,2,audio/trial_081.wav
82,wake,,78,Filipino (group),Timer 10 seconds,TIMER,Timer 10 seconds,10 seconds,CREATE_REMINDER,drink water,,,"{""intent"": ""CREATE_REMINDER"", ""infer_ms"": 7.908, ""audio_ms"": 2500, ""slot"": ""drink water""}",False,False,,,,3,False,5.1290130615234375,7.908,2500.0,202520785,False,3,audio/trial_082.wav
83,wake,,24,Filipino (group),Lights off,LIGHT_OFF,Lights out,,NO_RESPONSE,,,,,False,False,,,,0,False,,,,202520785,False,1,audio/trial_083.wav
84,wake,,55,Synthetic,Volume down,VOLUME_DOWN,Volume down,,VOLUME_DOWN,,,,"{""intent"": ""VOLUME_DOWN"", ""infer_ms"": 8.142, ""audio_ms"": 2500}",True,True,,,,1,False,0.6907477378845215,8.142,2500.0,s10,True,2,audio/trial_084.wav
85,no_wake,False,6,Filipino (group),Weather,WEATHER,Weather,,NO_RESPONSE,,,,,,,,,,0,False,,,,202520785,False,0,audio/trial_085.wav
86,no_wake,False,43,Synthetic,Next song,NEXT,Next song,,NO_RESPONSE,,,,,,,,,,0,False,,,,s10,True,0,audio/trial_086.wav
87,wake,,101,Synthetic,Alarm 9 PM,ALARM,Alarm 9:00 PM,9:00 PM,NO_RESPONSE,,,,,False,False,,,,0,False,,,,s100,True,3,audio/trial_087.wav
88,wake,,96,Filipino (group),Alarm 6:00 AM,ALARM,Alarm 6:00 AM,6:00 AM,ALARM,8 AM,,,"{""intent"": ""ALARM"", ""infer_ms"": 7.792, ""audio_ms"": 2500, ""slot"": ""8 AM""}",True,False,False,120.0,0.5,2,False,0.5721414089202881,7.792,2500.0,202520785,False,1,audio/trial_088.wav
89,wake,,89,Synthetic,Countdown for 1 minute,TIMER,Countdown for 1 minute,1 minute,TIMER,1 minute,,,"{""intent"": ""TIMER"", ""infer_ms"": 7.562, ""audio_ms"": 2500, ""slot"": ""1 minute""}",True,True,True,0.0,0.0,1,False,0.6471197605133057,7.562,2500.0,s10,True,2,audio/trial_089.wav
90,wake,,131,Synthetic,Set the temperature to 26 degrees,TEMPERATURE,Set the temperature to 26 degrees,26 degrees,STOP,,,,"{""intent"": ""STOP"", ""infer_ms"": 7.336, ""audio_ms"": 2500}",False,False,,,,3,False,-2.4646401405334473,7.336,2500.0,s10,True,3,audio/trial_090.wav
91,wake,,200,Synthetic,Find flights to Cebu.,OUT_OF_SCOPE,,,NO_RESPONSE,,,,,True,True,,,,0,False,,,,s100,True,1,audio/trial_091.wav
92,wake,,172,Filipino (group),Reminder Exercise,CREATE_REMINDER,Reminder Exercise,Exercise,NO_RESPONSE,,,,,False,False,,,,0,False,,,,202520785,False,2,audio/trial_092.wav
93,wake,,12,Filipino (group),Time,TIME,Time,,NO_RESPONSE,,,,,False,False,,,,0,False,,,,202520785,False,3,audio/trial_093.wav
94,wake,,117,Synthetic,Temperature 22 degrees,TEMPERATURE,Temperature 22 degrees,22 degrees,NO_RESPONSE,,,,,False,False,,,,0,False,,,,s10,True,1,audio/trial_094.wav
95,wake,,105,Synthetic,Wake me up at 8 AM,ALARM,Wake me up at 8:00 AM,8:00 AM,ALARM,8 AM,,,"{""intent"": ""ALARM"", ""infer_ms"": 7.763, ""audio_ms"": 2500, ""slot"": ""8 AM""}",True,True,True,0.0,0.0,1,False,0.7015776634216309,7.763,2500.0,s10,True,2,audio/trial_095.wav
96,wake,,82,Filipino (group),Timer 1 minute,TIMER,Timer 1 minute,1 minute,STOP,,,,"{""intent"": ""STOP"", ""infer_ms"": 7.545, ""audio_ms"": 2500}",False,False,,,,2,False,-1.343909502029419,7.545,2500.0,202520785,False,3,audio/trial_096.wav
97,wake,,165,Synthetic,Set color to blue,COLOR,Set color to Blue,Blue,COLOR,blue,,,"{""intent"": ""COLOR"", ""infer_ms"": 7.784, ""audio_ms"": 2500, ""slot"": ""blue""}",True,True,True,,0.0,1,False,0.6498622894287109,7.784,2500.0,s10,True,1,audio/trial_097.wav
98,no_wake,False,120,Filipino (group),Change the temperature to 18 degrees,TEMPERATURE,Change the temperature to 18 degrees,18 degrees,NO_RESPONSE,,,,,,,,,,0,False,,,,202520785,False,0,audio/trial_098.wav
99,wake,,33,Synthetic,Pause audio,PAUSE,Pause audio,,NO_RESPONSE,,,,,False,False,,,,0,False,,,,s10,True,2,audio/trial_099.wav
100,wake,,39,Synthetic,Stop playing,STOP,Stop playing,,NO_RESPONSE,,,,,False,False,,,,0,False,,,,s10,True,3,audio/trial_100.wav
101,wake,,99,Synthetic,Alarm 8 AM,ALARM,Alarm 8:00 AM,8:00 AM,NO_RESPONSE,,,,,False,False,,,,0,False,,,,s10,True,1,audio/trial_101.wav
102,wake,,123,Synthetic,Change the temperature to 22 degrees,TEMPERATURE,Change the temperature to 22 degrees,22 degrees,TEMPERATURE,22 degrees,,,"{""intent"": ""TEMPERATURE"", ""infer_ms"": 7.901, ""audio_ms"": 2500, ""slot"": ""22 degrees""}",True,True,True,0.0,0.0,1,False,0.8293342590332031,7.901,2500.0,s10,True,2,audio/trial_102.wav
103,wake,,140,Filipino (group),Change the brightness to 60 percent,BRIGHTNESS,Adjust brightness to 60 percent,60 percent,STOP,,,,"{""intent"": ""STOP"", ""infer_ms"": 7.737, ""audio_ms"": 2500}",False,False,,,,2,False,-2.448028326034546,7.737,2500.0,202520785,False,3,audio/trial_103.wav
104,no_wake,True,0,Filipino (group),Play a song,PLAY_MUSIC,Play music,,PLAY_MUSIC,,,,"{""intent"": ""PLAY_MUSIC"", ""infer_ms"": 7.702, ""audio_ms"": 2500}",,,,,,1,False,0.6211462020874023,7.702,2500.0,202520785,False,0,audio/trial_104.wav
105,wake,,177,Synthetic,Remind me to study,CREATE_REMINDER,Remind me to Study,Study,NO_RESPONSE,,,,,False,False,,,,0,False,,,,s10,True,1,audio/trial_105.wav
106,wake,,180,Filipino (group),Create a reminder to Drink water,CREATE_REMINDER,Create a reminder to Drink water,Drink water,CREATE_REMINDER,drink water,,,"{""intent"": ""CREATE_REMINDER"", ""infer_ms"": 8.548, ""audio_ms"": 2500, ""slot"": ""drink water""}",True,True,True,,0.0,1,False,0.6380701065063477,8.548,2500.0,202520785,False,2,audio/trial_106.wav
107,wake,,48,Filipino (group),Volume up,VOLUME_UP,Volume up,,STOP,,,,"{""intent"": ""STOP"", ""infer_ms"": 7.857, ""audio_ms"": 2500}",False,False,,,,2,False,-2.930344343185425,7.857,2500.0,202520785,False,3,audio/trial_107.wav
108,wake,,2,Filipino (group),Start the music,PLAY_MUSIC,Start music,,NO_RESPONSE,,,,,False,False,,,,0,False,,,,202520785,False,1,audio/trial_108.wav
109,wake,,103,Synthetic,Wake me up at 6 AM,ALARM,Wake me up at 6:00 AM,6:00 AM,ALARM,6 AM,,,"{""intent"": ""ALARM"", ""infer_ms"": 7.935, ""audio_ms"": 2500, ""slot"": ""6 AM""}",True,True,True,0.0,0.0,2,False,0.7509784698486328,7.935,2500.0,s10,True,2,audio/trial_109.wav
110,no_wake,True,105,Synthetic,Wake me up at 8 AM,ALARM,Wake me up at 8:00 AM,8:00 AM,ALARM,8 AM,,,"{""intent"": ""ALARM"", ""infer_ms"": 7.94, ""audio_ms"": 2500, ""slot"": ""8 AM""}",,,,,,1,False,1.234130620956421,7.94,2500.0,s10,True,0,audio/trial_110.wav
111,wake,,17,Synthetic,Tell me the time,TIME,Tell me the time,,TIME,,,,"{""intent"": ""TIME"", ""infer_ms"": 8.042, ""audio_ms"": 2500}",True,True,,,,1,False,0.720832347869873,8.042,2500.0,s10,True,3,audio/trial_111.wav
112,wake,,147,Synthetic,Brightness level 60 percent,BRIGHTNESS,Brightness level 60 percent,60 percent,BRIGHTNESS,60 percent,,,"{""intent"": ""BRIGHTNESS"", ""infer_ms"": 8.401, ""audio_ms"": 2500, ""slot"": ""60 percent""}",True,True,True,0.0,0.0,1,False,0.8564417362213135,8.401,2500.0,s100,True,1,audio/trial_112.wav
113,wake,,84,Filipino (group),Countdown for 10 seconds,TIMER,Countdown for 10 seconds,10 seconds,NO_RESPONSE,,,,,False,False,,,,0,False,,,,202520785,False,2,audio/trial_113.wav
114,wake,,21,Synthetic,Power on the lights,LIGHT_ON,Power on the lights,,STOP,,,,"{""intent"": ""STOP"", ""infer_ms"": 7.79, ""audio_ms"": 2500}",False,False,,,,2,False,-1.6231188774108887,7.79,2500.0,s10,True,3,audio/trial_114.wav
115,wake,,111,Synthetic,Set an alarm for 8 AM,ALARM,Set an alarm for 8:00 AM,8:00 AM,ALARM,8 AM,,,"{""intent"": ""ALARM"", ""infer_ms"": 8.036, ""audio_ms"": 2500, ""slot"": ""8 AM""}",True,True,True,0.0,0.0,1,False,0.6786355972290039,8.036,2500.0,s10,True,1,audio/trial_115.wav
116,wake,,36,Filipino (group),Stop music,STOP,Stop,,NO_RESPONSE,,,,,False,False,,,,0,False,,,,202520785,False,2,audio/trial_116.wav
117,wake,,157,Synthetic,Switch color to red,COLOR,Switch color to Red,Red,NO_RESPONSE,,,,,False,False,,,,0,False,,,,s100,True,3,audio/trial_117.wav
118,no_wake,False,15,Synthetic,What time is it?,TIME,What time is it?,,NO_RESPONSE,,,,,,,,,,0,False,,,,s10,True,0,audio/trial_118.wav
119,wake,,134,Filipino (group),Brightness 60 percent,BRIGHTNESS,Brightness 60 percent,60 percent,NO_RESPONSE,,,,,False,False,,,,0,False,,,,202520785,False,1,audio/trial_119.wav
120,wake,,115,Synthetic,Temperature 18 degrees,TEMPERATURE,Temperature 18 degrees,18 degrees,COLOR,red,,,"{""intent"": ""COLOR"", ""infer_ms"": 7.174, ""audio_ms"": 2500, ""slot"": ""red""}",False,False,,,,3,False,5.719412803649902,7.174,2500.0,s10,True,2,audio/trial_120.wav
121,wake,,167,Synthetic,Set color to green,COLOR,Set color to Green,Green,COLOR,green,,,"{""intent"": ""COLOR"", ""infer_ms"": 5.444, ""audio_ms"": 2500, ""slot"": ""green""}",True,True,True,,0.0,1,False,1.286818504333496,5.444,2500.0,s10,True,3,audio/trial_121.wav
122,no_wake,True,32,Filipino (group),Pause the music,PAUSE,Pause audio,,PLAY_MUSIC,,,,"{""intent"": ""PLAY_MUSIC"", ""infer_ms"": 9.952, ""audio_ms"": 2500}",,,,,,1,False,0.6765174865722656,9.952,2500.0,202520785,False,0,audio/trial_122.wav
123,no_wake,True,161,Synthetic,Switch color to green,COLOR,Switch color to Green,Green,COLOR,green,,,"{""intent"": ""COLOR"", ""infer_ms"": 7.538, ""audio_ms"": 2500, ""slot"": ""green""}",,,,,,2,False,0.6929523944854736,7.538,2500.0,s100,True,0,audio/trial_123.wav
124,wake,,60,Filipino (group),Call,CALL,Call,,NO_RESPONSE,,,,,False,False,,,,0,False,,,,202520785,False,1,audio/trial_124.wav
