label,support,kiko_precision_at_030_gate,kiko_recall_at_030_gate,kiko_f1_at_030_gate,me2_baseline_raw_argmax_f1,me2_candidate_raw_argmax_f1
ALARM_6_00AM,141,0.9583333333333334,0.8156028368794326,0.8812260536398467,0.8602150537634409,0.8315412186379928
ALARM_8_00AM,141,0.9624060150375939,0.9078014184397163,0.9343065693430657,0.7258485639686684,0.8723404255319149
ALARM_9_00PM,141,0.9545454545454546,0.8936170212765957,0.9230769230769231,0.7638483965014577,0.9214285714285714
BRIGHTNESS_100,141,0.8524590163934426,0.7375886524822695,0.7908745247148289,0.8859060402684564,0.898876404494382
BRIGHTNESS_20,141,0.8230088495575221,0.6595744680851063,0.7322834645669292,0.9242424242424242,0.9051094890510949
BRIGHTNESS_60,141,0.9652173913043478,0.7872340425531915,0.8671875,0.9635036496350365,0.9635036496350365
CALL,141,0.576271186440678,0.723404255319149,0.6415094339622641,0.6754966887417219,0.7205882352941176
COLOR_BLUE,141,0.8529411764705882,0.6170212765957447,0.7160493827160493,0.7966101694915254,0.6641221374045801
COLOR_GREEN,141,0.92,0.6524822695035462,0.7634854771784232,0.8014981273408239,0.7894736842105263
COLOR_RED,141,0.974025974025974,0.5319148936170213,0.6880733944954128,0.8449612403100775,0.7147766323024055
CREATE_REMINDER_DRINK_WATER,141,0.9295774647887324,0.9361702127659575,0.9328621908127208,0.8256880733944955,0.9390681003584229
CREATE_REMINDER_EXERCISE,141,0.9710144927536232,0.950354609929078,0.9605734767025089,0.8454258675078864,0.9247311827956989
CREATE_REMINDER_STUDY,141,0.9705882352941176,0.9361702127659575,0.9530685920577617,0.9605734767025089,0.9516728624535316
LIGHT_OFF,141,0.6966292134831461,0.4397163120567376,0.5391304347826087,0.6244725738396625,0.49795918367346936
LIGHT_ON,141,0.6896551724137931,0.5673758865248227,0.622568093385214,0.6713286713286714,0.6387096774193548
LIST_REMINDERS,141,0.9537037037037037,0.7304964539007093,0.8273092369477911,0.7985347985347986,0.8059701492537313
MESSAGE,141,0.937984496124031,0.8581560283687943,0.8962962962962963,0.8776978417266187,0.8368794326241135
NEXT,141,0.734375,0.6666666666666666,0.6988847583643123,0.8046875,0.7235494880546075
PAUSE,141,0.58,0.6170212765957447,0.5979381443298969,0.7593984962406015,0.8066666666666666
PLAY_MUSIC,141,0.5214285714285715,0.5177304964539007,0.5195729537366548,0.5540540540540541,0.48427672955974843
STOP,141,0.5390070921985816,0.5390070921985816,0.5390070921985816,0.6234817813765182,0.6730769230769231
TEMPERATURE_18,141,0.9057971014492754,0.8865248226950354,0.8960573476702509,0.8,0.9103448275862069
TEMPERATURE_22,141,0.8652482269503546,0.8652482269503546,0.8652482269503546,0.9343065693430657,0.8719723183391004
TEMPERATURE_26,141,0.9596774193548387,0.8439716312056738,0.8981132075471698,0.948905109489051,0.9295774647887324
TIME,141,0.8118811881188119,0.5815602836879432,0.6776859504132231,0.7096774193548387,0.6915254237288135
TIMER_10s,141,0.8767123287671232,0.9078014184397163,0.89198606271777,0.8843537414965986,0.9428571428571428
TIMER_1m,141,0.9555555555555556,0.9148936170212766,0.9347826086956522,0.8949152542372881,0.89198606271777
TIMER_30s,141,0.8482758620689655,0.8723404255319149,0.8601398601398601,0.8791946308724832,0.9323308270676691
VOLUME_DOWN,141,0.6433566433566433,0.6524822695035462,0.647887323943662,0.7142857142857143,0.5952380952380952
VOLUME_UP,141,0.6532258064516129,0.574468085106383,0.6113207547169811,0.6111111111111112,0.5461847389558233
WEATHER,141,0.6571428571428571,0.48936170212765956,0.5609756097560976,0.672645739910314,0.6515151515151515
