label,suggested_phrase,human_unique_recordings,staged_reference_precision,staged_reference_recall,staged_reference_f1,staged_reference_support,candidate_reference_precision,candidate_reference_recall,candidate_reference_f1,candidate_reference_support,staged_personal_precision,staged_personal_recall,staged_personal_f1,staged_personal_support,candidate_personal_precision,candidate_personal_recall,candidate_personal_f1,candidate_personal_support
ALARM_6_00AM,Wake me up at 6 AM,9,1.0,0.9827586206896551,0.991304347826087,58.0,1.0,0.9482758620689655,0.9734513274336283,58.0,1.0,1.0,1.0,2.0,0.6666666666666666,1.0,0.8,2.0
ALARM_8_00AM,Wake me up at 8 AM,10,0.9824561403508771,1.0,0.9911504424778761,56.0,0.9333333333333333,1.0,0.9655172413793104,56.0,0.6666666666666666,1.0,0.8,2.0,0.6666666666666666,1.0,0.8,2.0
ALARM_9_00PM,Set an alarm for 9 PM,11,1.0,1.0,1.0,58.0,0.9827586206896551,0.9827586206896551,0.9827586206896551,58.0,1.0,1.0,1.0,3.0,1.0,1.0,1.0,3.0
BRIGHTNESS_100,Brightness 100 percent,18,0.9375,1.0,0.967741935483871,60.0,0.8939393939393939,0.9833333333333333,0.9365079365079365,60.0,1.0,1.0,1.0,4.0,1.0,0.75,0.8571428571428571,4.0
BRIGHTNESS_20,Adjust brightness to 20 percent,13,0.9672131147540983,0.9833333333333333,0.9752066115702479,60.0,0.9814814814814815,0.8833333333333333,0.9298245614035088,60.0,1.0,1.0,1.0,3.0,0.75,1.0,0.8571428571428571,3.0
BRIGHTNESS_60,Brightness 60 percent,12,1.0,0.9666666666666667,0.9830508474576272,60.0,1.0,1.0,1.0,60.0,1.0,1.0,1.0,3.0,1.0,1.0,1.0,3.0
CALL,Make a phone call,31,0.9811320754716981,0.9629629629629629,0.9719626168224299,54.0,0.9464285714285714,0.9814814814814815,0.9636363636363636,54.0,1.0,0.5,0.6666666666666666,2.0,1.0,1.0,1.0,7.0
COLOR_BLUE,Change color to blue,13,0.9649122807017544,0.9166666666666666,0.9401709401709402,60.0,1.0,0.95,0.9743589743589743,60.0,1.0,1.0,1.0,3.0,1.0,1.0,1.0,3.0
COLOR_GREEN,Change color to green,15,1.0,0.9666666666666667,0.9830508474576272,60.0,1.0,0.9833333333333333,0.9915966386554622,60.0,1.0,1.0,1.0,3.0,1.0,1.0,1.0,3.0
COLOR_RED,Set color to red,15,0.8955223880597015,1.0,0.9448818897637795,60.0,0.967741935483871,1.0,0.9836065573770492,60.0,1.0,1.0,1.0,3.0,1.0,0.6666666666666666,0.8,3.0
CREATE_REMINDER_DRINK_WATER,Create a reminder to drink water,15,0.9523809523809523,1.0,0.975609756097561,60.0,0.9523809523809523,1.0,0.975609756097561,60.0,1.0,1.0,1.0,3.0,1.0,1.0,1.0,3.0
CREATE_REMINDER_EXERCISE,Remind me to exercise,15,1.0,0.9833333333333333,0.9915966386554622,60.0,0.9516129032258065,0.9833333333333333,0.9672131147540983,60.0,1.0,1.0,1.0,3.0,1.0,1.0,1.0,3.0
CREATE_REMINDER_STUDY,Create a reminder to study,14,1.0,0.9833333333333333,0.9915966386554622,60.0,1.0,0.9666666666666667,0.9830508474576272,60.0,1.0,1.0,1.0,3.0,1.0,1.0,1.0,3.0
LIGHT_OFF,Kill the lights,24,0.9206349206349206,0.9666666666666667,0.943089430894309,60.0,0.9516129032258065,0.9833333333333333,0.9672131147540983,60.0,0.8,0.8,0.8,5.0,0.75,0.6,0.6666666666666666,5.0
LIGHT_ON,Turn on the lights,14,0.9803921568627451,0.9259259259259259,0.9523809523809523,54.0,0.9636363636363636,0.9814814814814815,0.9724770642201835,54.0,1.0,1.0,1.0,4.0,1.0,1.0,1.0,4.0
LIST_REMINDERS,Show my reminders,10,0.9642857142857143,0.9310344827586207,0.9473684210526315,58.0,0.9354838709677419,1.0,0.9666666666666667,58.0,1.0,1.0,1.0,2.0,0.6666666666666666,1.0,0.8,2.0
MESSAGE,Send my message,20,1.0,0.9482758620689655,0.9734513274336283,58.0,0.9818181818181818,0.9310344827586207,0.9557522123893806,58.0,1.0,1.0,1.0,3.0,0.75,1.0,0.8571428571428571,3.0
NEXT,Next song,30,1.0,0.9833333333333333,0.9915966386554622,60.0,0.9830508474576272,0.9666666666666667,0.9747899159663865,60.0,1.0,0.5,0.6666666666666666,2.0,1.0,0.8333333333333334,0.9090909090909091,6.0
PAUSE,Pause audio,63,0.9821428571428571,0.9821428571428571,0.9821428571428571,56.0,0.9824561403508771,1.0,0.9911504424778761,56.0,1.0,0.4444444444444444,0.6153846153846154,9.0,1.0,0.7272727272727273,0.8421052631578947,11.0
PLAY_MUSIC,Start music,39,0.9666666666666667,1.0,0.9830508474576272,58.0,1.0,1.0,1.0,58.0,0.4444444444444444,1.0,0.6153846153846154,4.0,0.75,0.8571428571428571,0.8,7.0
STOP,Stop playing,41,0.9285714285714286,0.9629629629629629,0.9454545454545454,54.0,0.9473684210526315,1.0,0.972972972972973,54.0,1.0,1.0,1.0,7.0,1.0,1.0,1.0,7.0
TEMPERATURE_18,Change the temperature to 18 degrees,16,0.9824561403508771,0.9333333333333333,0.9572649572649573,60.0,0.8636363636363636,0.95,0.9047619047619048,60.0,1.0,1.0,1.0,3.0,1.0,1.0,1.0,3.0
TEMPERATURE_22,Temperature 22 degrees,18,0.9230769230769231,1.0,0.96,60.0,0.9818181818181818,0.9,0.9391304347826087,60.0,1.0,1.0,1.0,4.0,1.0,1.0,1.0,4.0
TEMPERATURE_26,Change the temperature to 26 degrees,15,1.0,0.9666666666666667,0.9830508474576272,60.0,1.0,0.95,0.9743589743589743,60.0,1.0,1.0,1.0,3.0,1.0,1.0,1.0,3.0
TIME,What time is it?,13,1.0,0.9074074074074074,0.9514563106796117,54.0,0.9433962264150944,0.9259259259259259,0.9345794392523364,54.0,0.75,1.0,0.8571428571428571,3.0,1.0,1.0,1.0,3.0
TIMER_10s,Countdown for 10 seconds,15,0.95,0.95,0.95,60.0,1.0,0.9333333333333333,0.9655172413793104,60.0,1.0,1.0,1.0,3.0,1.0,1.0,1.0,3.0
TIMER_1m,Start a timer for 1 minute,12,0.9824561403508771,1.0,0.9911504424778761,56.0,0.9649122807017544,0.9821428571428571,0.9734513274336283,56.0,1.0,1.0,1.0,3.0,1.0,1.0,1.0,3.0
TIMER_30s,Countdown for 30 seconds,15,0.9827586206896551,0.95,0.9661016949152542,60.0,1.0,0.9833333333333333,0.9915966386554622,60.0,1.0,1.0,1.0,3.0,1.0,1.0,1.0,3.0
VOLUME_DOWN,Turn the volume down,15,0.9629629629629629,1.0,0.9811320754716981,52.0,0.9622641509433962,0.9807692307692307,0.9714285714285714,52.0,1.0,1.0,1.0,3.0,1.0,1.0,1.0,3.0
VOLUME_UP,Increase the volume,3,1.0,0.9833333333333333,0.9915966386554622,60.0,1.0,0.9333333333333333,0.9655172413793104,60.0,1.0,1.0,1.0,1.0,0.5,1.0,0.6666666666666666,1.0
WEATHER,What's the weather?,7,0.9629629629629629,1.0,0.9811320754716981,52.0,1.0,0.9807692307692307,0.9902912621359223,52.0,1.0,1.0,1.0,2.0,1.0,1.0,1.0,2.0
